[
  {
    "Constant": false,
    "Name": "Config",
    "TypeFullyQualifiedName": "System.Collections.Generic.Dictionary`2[[System.String, System.Private.CoreLib, Version=8.0.0.0, Culture=neutral, PublicKeyToken=7cec85d7bea7798e],[System.Object, System.Private.CoreLib, Version=8.0.0.0, Culture=neutral, PublicKeyToken=7cec85d7bea7798e]], System.Private.CoreLib, Version=8.0.0.0, Culture=neutral, PublicKeyToken=7cec85d7bea7798e",
    "UnresolvedTypeFullyQualifiedName": null,
    "Expression": null,
    "IsLiteral": false
  }
]