{
  "Workflows": [
    {
      "Path": null,
      "SortBy": 0,
      "VariablesSectionElementsOrder": [
        "Config&"
      ],
      "ArgumentsSectionElementsOrder": null,
      "ConstantsSectionElementsOrder": [],
      "AddedNamespaces": null
    },
    {
      "Path": "Main.xaml",
      "SortBy": 0,
      "VariablesSectionElementsOrder": [
        "ShouldStop&Sequence_25",
        "Config&StateMachine_1",
        "TransactionItem&StateMachine_1",
        "SystemException&StateMachine_1",
        "BusinessException&StateMachine_1",
        "TransactionNumber&StateMachine_1",
        "RetryNumber&StateMachine_1",
        "TransactionField2&StateMachine_1",
        "TransactionField1&StateMachine_1",
        "TransactionID&StateMachine_1",
        "dt_TransactionData&StateMachine_1",
        "ConsecutiveSystemExceptions&StateMachine_1"
      ],
      "ArgumentsSectionElementsOrder": [
        "in_OrchestratorQueueName",
        "in_OrchestratorQueueFolder"
      ],
      "ConstantsSectionElementsOrder": [],
      "AddedNamespaces": null
    },
    {
      "Path": "Framework/GetTransactionData.xaml",
      "SortBy": 0,
      "VariablesSectionElementsOrder": [],
      "ArgumentsSectionElementsOrder": [
        "in_TransactionNumber",
        "in_Config",
        "out_TransactionItem",
        "out_TransactionField1",
        "out_TransactionField2",
        "out_TransactionID",
        "io_dt_TransactionData"
      ],
      "ConstantsSectionElementsOrder": [],
      "AddedNamespaces": null
    },
    {
      "Path": "Processes/search_tesco_website.xaml",
      "SortBy": 0,
      "VariablesSectionElementsOrder": [
        "Config&176056ce-175f-430c-bf31-40297fe3e5c1",
        "str_searchingPhrase&Sequence_3",
        "num_tempPrice&Sequence_3",
        "variable1&Sequence_3",
        "num_pricePerUnit&Sequence_4",
        "arr_CurrentProduct&Sequence_4",
        "str_productName&Sequence_2",
        "str_pricePerContainer&Sequence_2",
        "str_pricePerUnit&Sequence_2"
      ],
      "ArgumentsSectionElementsOrder": [
        "out_tescoBestOffer",
        "in_transactionItem",
        "in_Config"
      ],
      "ConstantsSectionElementsOrder": [],
      "AddedNamespaces": null
    },
    {
      "Path": "Framework/Process.xaml",
      "SortBy": 0,
      "VariablesSectionElementsOrder": [],
      "ArgumentsSectionElementsOrder": [
        "in_TransactionItem",
        "in_Config"
      ],
      "ConstantsSectionElementsOrder": [],
      "AddedNamespaces": null
    },
    {
      "Path": "Framework/InitAllSettings.xaml",
      "SortBy": 0,
      "VariablesSectionElementsOrder": [
        "dt_Assets&Sequence_6",
        "AssetValue&Sequence_11",
        "dt_SettingsAndConstants&Sequence_5"
      ],
      "ArgumentsSectionElementsOrder": [
        "in_ConfigFile",
        "in_ConfigSheets",
        "out_Config"
      ],
      "ConstantsSectionElementsOrder": [],
      "AddedNamespaces": null
    },
    {
      "Path": "Framework/KillAllProcesses.xaml",
      "SortBy": 0,
      "VariablesSectionElementsOrder": [],
      "ArgumentsSectionElementsOrder": [],
      "ConstantsSectionElementsOrder": [],
      "AddedNamespaces": null
    },
    {
      "Path": "Framework/InitAllApplications.xaml",
      "SortBy": 0,
      "VariablesSectionElementsOrder": [],
      "ArgumentsSectionElementsOrder": [
        "in_Config"
      ],
      "ConstantsSectionElementsOrder": [],
      "AddedNamespaces": null
    },
    {
      "Path": "Framework/CloseAllApplications.xaml",
      "SortBy": 0,
      "VariablesSectionElementsOrder": [],
      "ArgumentsSectionElementsOrder": [],
      "ConstantsSectionElementsOrder": [],
      "AddedNamespaces": null
    },
    {
      "Path": "Processes/search_dunnes_website.xaml",
      "SortBy": 0,
      "VariablesSectionElementsOrder": [
        "Config&176056ce-175f-430c-bf31-40297fe3e5c1",
        "str_searchingPhrase&Sequence_3",
        "num_tempPrice&Sequence_3",
        "variable1&Sequence_3",
        "num_pricePerUnit&Sequence_4",
        "arr_CurrentProduct&Sequence_4",
        "str_productName&Sequence_2",
        "str_pricePerContainer&Sequence_2",
        "str_pricePerUnit&Sequence_2"
      ],
      "ArgumentsSectionElementsOrder": [
        "in_Config",
        "in_transactionItem",
        "out_tescoBestOffer"
      ],
      "ConstantsSectionElementsOrder": [],
      "AddedNamespaces": null
    }
  ]
}