{
  "Workflows": [
    {
      "Path": null,
      "SortBy": 0,
      "VariablesSectionElementsOrder": [],
      "ArgumentsSectionElementsOrder": null,
      "ConstantsSectionElementsOrder": [],
      "AddedNamespaces": null
    },
    {
      "Path": "Main.xaml",
      "SortBy": 0,
      "VariablesSectionElementsOrder": [
        "int_ItemsCounter&Sequence_1",
        "arr_productData&Sequence_10",
        "file_gmailMessages&Sequence_2",
        "newestEmail&Sequence_2",
        "arr_emailBody&Sequence_7",
        "receiverEmail&Sequence_1",
        "gmail_messages&Sequence_1"
      ],
      "ArgumentsSectionElementsOrder": [],
      "ConstantsSectionElementsOrder": [],
      "AddedNamespaces": null
    }
  ]
}